Comment,Designator,Footprint,LCSC,Quantity
5050040812,J2,CONN8_505004-0812_MOL,,1
5050040812,J1,CONN8_505004-0812_MOL,,1
1µF,C2,C_0603_1608Metric,,1
WS2812B,D3,XL-3332RGBC-WS2812B,,1
WS2812B,D2,XL-3332RGBC-WS2812B,,1
1µF,C3,C_0603_1608Metric,,1
WS2812B,D4,XL-3332RGBC-WS2812B,,1
1µF,C1,C_0603_1608Metric,,1
WS2812B,D1,XL-3332RGBC-WS2812B,,1
330R,R1,R_0603_1608Metric,,1
